19
Rushi ,1234512345,rushi@gmail.com
Rahul Mehta,9876543210,rahul.mehta@example.com
Priya Sharma,9823456789,priya.sharma@example.com
Aman Verma,9812345678,aman.verma@example.com
Neha Patil,9890123456,neha.patil@example.com
Karan Singh,9977886655,karan.singh@example.com
Sneha Joshi,9865321470,sneha.joshi@example.com
Rohan Kulkarni,9856741230,rohan.kulkarni@example.com
Ananya Deshmukh,9845123670,ananya.deshmukh@example.com
Aditya Nair,9834765120,aditya.nair@example.com
Pooja Reddy,9821674530,pooja.reddy@example.com
Saurabh Chopade,9812456780,saurabh.gupta@example.com
Divya Iyer,9801234567,divya.iyer@example.com
Mohit Bansal,9798456123,mohit.bansal@example.com
Kavita Shetty,9786543219,kavita.shetty@example.com
Harshad Rao,9777412589,harshad.rao@example.com
Guru,1234561234,guru@ga.com
Rushikesh Gore,9673822187,rushigore0301@gmail.com
Sai,1234567123,sai@gmail.com
